horizonte,objetivo,modelo,features,n,auc,auc_lo,auc_hi,auc_sobreventa,n_sobreventa,base_%,sube_en_top10_%,sube_en_bottom10_%
5,sube,logit,F0 actuales,32708,0.5048168102643044,0.4715618474195742,0.5289418202793634,0.557120152574698,632,54.818393053687174,61.021094466524,53.62274533781718
5,sube,logit,F1 +EDA,32708,0.5032400327977321,0.47145306601222214,0.5296208124858525,0.549735113371477,632,54.818393053687174,61.021094466524,53.500458575359225
5,sube,logit,F2 +series,32708,0.5081741244672878,0.47588054595876583,0.5295169600167403,0.509239245602882,632,54.818393053687174,58.483644145521254,53.469886884744724
5,sube,logit,F3 +mercado,32708,0.5167024594600572,0.4815359573514284,0.5486276995046186,0.46595677050222506,632,54.818393053687174,56.98563130541119,52.03301742586365
5,sube,hgb,F0 actuales,32708,0.5059634967853286,0.4836847027791836,0.5274490054284497,0.5187221869040051,632,54.818393053687174,59.566014669926645,54.44818098440843
5,sube,hgb,F1 +EDA,32708,0.5132926882840948,0.492275268824494,0.53313803651399,0.539966094511549,632,54.818393053687174,60.501375726077654,54.02017731580556
5,sube,hgb,F2 +series,32708,0.5205288973970367,0.5002648348585641,0.5421241843890934,0.5615649502013138,632,54.818393053687174,60.59309079792112,52.00244573524916
5,sube,hgb,F3 +mercado,32708,0.5143912900328091,0.4848990038183457,0.5450666208740008,0.5045295613477432,632,54.818393053687174,57.50535004585754,51.97187404463467
5,sube,svm,F1 +EDA,32708,0.5153978793185058,0.49216958825224477,0.5446300407017196,0.43385251112523837,632,54.818393053687174,56.03790889636196,53.89789055334761
5,sube,svm,F3 +mercado,32708,0.5304154130320036,0.49382929908116413,0.5613180870581054,0.5277601186692096,632,54.818393053687174,63.099969428309386,51.45215530418832
5,le gana al mercado,logit,F0 actuales,32708,0.5224436741624625,0.5149015605541859,0.5300578133408139,0.5137889688249401,632,46.82034976152623,52.03301742586365,44.29837970039743
5,le gana al mercado,logit,F1 +EDA,32708,0.5201187764244459,0.5118267416110637,0.5282888706240062,0.5170812502540341,632,46.82034976152623,50.96300825435647,43.748089269336596
5,le gana al mercado,logit,F2 +series,32708,0.5236738948665255,0.5148175604514911,0.5322856245300205,0.5104560419461042,632,46.82034976152623,50.35157444206665,43.38122898196271
5,le gana al mercado,logit,F3 +mercado,32708,0.5266685596604408,0.5172010968451245,0.536878077783823,0.5344673413811324,632,46.82034976152623,50.25985937022317,43.62580250687863
5,le gana al mercado,hgb,F0 actuales,32708,0.5163706213462993,0.5092305157179057,0.5266909687571107,0.5146171198634313,632,46.82034976152623,50.13715330691863,45.001528584530725
5,le gana al mercado,hgb,F1 +EDA,32708,0.5119520028169958,0.5044453260173679,0.5191473062956806,0.5376783319107427,632,46.82034976152623,50.183374083129586,45.368388871904614
5,le gana al mercado,hgb,F2 +series,32708,0.5192704656375755,0.510391355564126,0.5280667398645156,0.5194386863390643,632,46.82034976152623,50.871293182512986,43.748089269336596
5,le gana al mercado,hgb,F3 +mercado,32708,0.5198808326181298,0.5113237808526861,0.5280742051859695,0.5360931593708085,632,46.82034976152623,51.5438703760318,43.93151941302354
10,sube,logit,F0 actuales,32694,0.49663753639787867,0.45363845506185835,0.5294496260766315,0.5191745351458739,629,57.08692726494158,61.95718654434251,56.75840978593272
10,sube,logit,F1 +EDA,32694,0.501743886485362,0.4593963852601815,0.538691406828639,0.5059376325364405,629,57.08692726494158,62.415902140672785,56.81957186544343
10,sube,logit,F2 +series,32694,0.5085613569477444,0.46868899329508956,0.5401412351081228,0.4991294448536798,629,57.08692726494158,63.27217125382263,56.78899082568807
10,sube,logit,F3 +mercado,32694,0.5136065474479248,0.46080161412976023,0.5554924064554719,0.4365164400991094,629,57.08692726494158,62.018348623853214,55.596330275229356
10,sube,hgb,F0 actuales,32694,0.49794114832309305,0.4666835492058422,0.524373238684276,0.4970869885488516,629,57.08692726494158,59.38837920489297,57.90278202384592
10,sube,hgb,F1 +EDA,32694,0.5093992891205209,0.4777076928078487,0.5382242387897337,0.5298444161700038,629,57.08692726494158,62.20183486238532,57.308868501529055
10,sube,hgb,F2 +series,32694,0.5198926016261156,0.4920488650903626,0.5496011710970532,0.4898100404026875,629,57.08692726494158,64.64831804281346,55.596330275229356
10,sube,hgb,F3 +mercado,32694,0.5338708802153489,0.48789168914441805,0.577813789662415,0.5274503895176231,629,57.08692726494158,66.5137614678899,53.91437308868502
10,sube,svm,F1 +EDA,32694,0.5153501093272973,0.48115771317331946,0.5522890596580201,0.4841402709881917,629,57.08692726494158,58.440366972477065,56.08562691131499
10,sube,svm,F3 +mercado,32694,0.5492693119177905,0.5026532823749693,0.5919025827685238,0.5455590526574254,629,57.08692726494158,66.17737003058105,53.333333333333336
10,le gana al mercado,logit,F0 actuales,32694,0.5252559307520533,0.5112922042900852,0.5370624335669466,0.4864208032079713,629,46.445831039334436,52.293577981651374,44.00611620795107
10,le gana al mercado,logit,F1 +EDA,32694,0.522429157417382,0.5082611579748805,0.5336850848194846,0.47689207525771105,629,46.445831039334436,51.957186544342505,43.608562691131496
10,le gana al mercado,logit,F2 +series,32694,0.5204439513707546,0.506689724570415,0.5314816626780092,0.40115843408874574,629,46.445831039334436,48.837920489296636,43.63914373088685
10,le gana al mercado,logit,F3 +mercado,32694,0.5268877026844636,0.5122366373614562,0.5409080196794884,0.4827551289061709,629,46.445831039334436,51.681957186544345,43.79204892966361
10,le gana al mercado,hgb,F0 actuales,32694,0.5230063157885235,0.5095726236696022,0.5361701434439653,0.46764181704032237,629,46.445831039334436,50.30581039755352,43.088685015290515
10,le gana al mercado,hgb,F1 +EDA,32694,0.5203664748697941,0.5093305055594463,0.5320062859000532,0.49842031715171026,629,46.445831039334436,50.825688073394495,43.39449541284404
10,le gana al mercado,hgb,F2 +series,32694,0.5240261817089299,0.5101646483056748,0.5342098939311924,0.4527006501002491,629,46.445831039334436,51.52905198776758,43.027522935779814
10,le gana al mercado,hgb,F3 +mercado,32694,0.5241386822973191,0.5101244802977349,0.5357201640940855,0.5047339854588169,629,46.445831039334436,51.98776758409785,42.84403669724771
20,sube,logit,F0 actuales,32536,0.5096363620523284,0.46254160876116834,0.558464922937229,0.5231556137875428,627,60.49913941480206,69.79102642901044,58.42040565457898
20,sube,logit,F1 +EDA,32536,0.5172519102472662,0.4740090448260928,0.5636383510126596,0.5300468655513001,627,60.49913941480206,71.2661339889367,60.20282728948986
20,sube,logit,F2 +series,32536,0.516746800664315,0.46984953572966576,0.5636084535680767,0.5390672243499294,627,60.49913941480206,70.80516287645973,59.46527350952674
20,sube,logit,F3 +mercado,32536,0.5402870568173532,0.4848945253130768,0.5895090320580196,0.5006173150574481,627,60.49913941480206,71.17393976644131,56.146281499692684
20,sube,hgb,F0 actuales,32536,0.5029628988469104,0.4642563667761671,0.5446798695579989,0.47769476919975806,627,60.49913941480206,65.94960049170253,63.153042409342355
20,sube,hgb,F1 +EDA,32536,0.5268110780743466,0.488324348259995,0.5652714599770803,0.5060660653094133,627,60.49913941480206,69.36078672403197,56.66871542716656
20,sube,hgb,F2 +series,32536,0.5235744606045358,0.4862457009054413,0.5630721545359756,0.47151531949203795,627,60.49913941480206,69.85248924400737,58.85064535955746
20,sube,hgb,F3 +mercado,32536,0.5305148849487638,0.48691859948067345,0.581014057081053,0.5247618927635558,627,60.49913941480206,75.23048555623848,58.26674861708666
20,sube,svm,F1 +EDA,32536,0.5319817590383711,0.4920144602409667,0.5744357647362567,0.42943710945373914,627,60.49913941480206,61.06330669944684,57.03749231714813
20,sube,svm,F3 +mercado,32536,0.5396617197534933,0.484860498403781,0.600239329085177,0.5274390243902438,627,60.49913941480206,63.6140135218193,57.928703134603566
20,le gana al mercado,logit,F0 actuales,32536,0.528936823364718,0.5145470813314315,0.5422475290460065,0.4622048045602606,627,45.62023604622572,51.62876459741857,42.501536570374924
20,le gana al mercado,logit,F1 +EDA,32536,0.5262800400212935,0.5134217490375873,0.5402462579125028,0.4685565960912052,627,45.62023604622572,51.35218192993239,41.94837123540258
20,le gana al mercado,logit,F2 +series,32536,0.5222901680555964,0.508267211138133,0.5356156987089479,0.4291021986970684,627,45.62023604622572,49.846342962507684,42.65519360786724
20,le gana al mercado,logit,F3 +mercado,32536,0.528519082255538,0.5105319483641637,0.5498605140453147,0.4895663680781759,627,45.62023604622572,49.38537185003073,41.79471419791027
20,le gana al mercado,hgb,F0 actuales,32536,0.5241067493831582,0.5117392560595422,0.5375285784548626,0.4619096091205212,627,45.62023604622572,49.969268592501535,42.501536570374924
20,le gana al mercado,hgb,F1 +EDA,32536,0.5233125668208807,0.5094840725121531,0.5372642878184634,0.453654315960912,627,45.62023604622572,48.64781807006761,42.62446220036878
20,le gana al mercado,hgb,F2 +series,32536,0.5187812965745628,0.5035920026014036,0.532997883812177,0.4822373778501629,627,45.62023604622572,46.86539643515673,41.73325138291334
20,le gana al mercado,hgb,F3 +mercado,32536,0.5232763258586122,0.5061796392606065,0.5381210749756752,0.47872048045602605,627,45.62023604622572,48.83220651505839,41.79471419791027
