horizonte,metodo,muestra,n,cobertura,acierto,acierto_alzas,acierto_bajas,alzas_reales
5,Azar (50%),todos los dias,6535,100.0,50.0,50.0,50.0,54.79724560061209
5,Azar (50%),dias de sobreventa,248,100.0,50.0,50.0,50.0,60.483870967741936
5,Siempre sube,todos los dias,6535,100.0,54.79724560061209,100.0,0.0,54.79724560061209
5,Siempre sube,dias de sobreventa,248,100.0,60.483870967741936,100.0,0.0,60.483870967741936
5,"Regla RSI completa (<=30 sube, >=70 baja)",todos los dias,6535,14.491201224177505,46.568109820485745,2.038536721586149,12.457684495599187,54.79724560061209
5,"Regla RSI completa (<=30 sube, >=70 baja)",dias de sobreventa,248,100.0,60.483870967741936,100.0,0.0,60.483870967741936
5,Regla RSI solo sobreventa (<=30 sube),todos los dias,6535,1.928079571537873,57.936507936507944,2.038536721586149,0.0,54.79724560061209
5,Regla RSI solo sobreventa (<=30 sube),dias de sobreventa,248,100.0,60.483870967741936,100.0,0.0,60.483870967741936
5,Regla RSI solo sobrecompra (>=70 baja),todos los dias,6535,12.563121652639634,44.82338611449452,0.0,12.457684495599187,54.79724560061209
5,Regla RSI solo sobrecompra (>=70 baja),dias de sobreventa,248,0.0,,0.0,0.0,60.483870967741936
5,Logistica (7 features actuales),todos los dias,6535,100.0,53.72609028309105,85.03211393465513,15.775220040622884,54.79724560061209
5,Logistica (7 features actuales),dias de sobreventa,248,100.0,57.66129032258065,93.33333333333333,3.061224489795918,60.483870967741936
5,Logistica (+3 features nuevas),todos los dias,6535,100.0,53.588370313695485,85.42306618263055,14.996614759647937,54.79724560061209
5,Logistica (+3 features nuevas),dias de sobreventa,248,100.0,58.06451612903226,90.66666666666666,8.16326530612245,60.483870967741936
10,Azar (50%),todos los dias,3263,100.0,50.0,50.0,50.0,57.52375114924916
10,Azar (50%),dias de sobreventa,190,100.0,50.0,50.0,50.0,65.78947368421053
10,Siempre sube,todos los dias,3263,100.0,57.52375114924916,100.0,0.0,57.52375114924916
10,Siempre sube,dias de sobreventa,190,100.0,65.78947368421053,100.0,0.0,65.78947368421053
10,"Regla RSI completa (<=30 sube, >=70 baja)",todos los dias,3263,14.832975789151087,41.942148760330575,2.1843367075119873,11.688311688311687,57.52375114924916
10,"Regla RSI completa (<=30 sube, >=70 baja)",dias de sobreventa,190,100.0,65.78947368421053,100.0,0.0,65.78947368421053
10,Regla RSI solo sobreventa (<=30 sube),todos los dias,3263,2.1759117376647255,57.74647887323944,2.1843367075119873,0.0,57.52375114924916
10,Regla RSI solo sobreventa (<=30 sube),dias de sobreventa,190,100.0,65.78947368421053,100.0,0.0,65.78947368421053
10,Regla RSI solo sobrecompra (>=70 baja),todos los dias,3263,12.657064051486364,39.22518159806295,0.0,11.688311688311687,57.52375114924916
10,Regla RSI solo sobrecompra (>=70 baja),dias de sobreventa,190,0.0,,0.0,0.0,65.78947368421053
10,Logistica (7 features actuales),todos los dias,3263,100.0,56.02206558381857,88.38572189664357,12.193362193362194,57.52375114924916
10,Logistica (7 features actuales),dias de sobreventa,190,100.0,64.21052631578948,96.0,3.076923076923077,65.78947368421053
10,Logistica (+3 features nuevas),todos los dias,3263,100.0,55.93012565124119,89.39797549280767,10.606060606060606,57.52375114924916
10,Logistica (+3 features nuevas),dias de sobreventa,190,100.0,66.3157894736842,98.4,4.615384615384616,65.78947368421053
20,Azar (50%),todos los dias,1634,100.0,50.0,50.0,50.0,60.5875152998776
20,Azar (50%),dias de sobreventa,157,100.0,50.0,50.0,50.0,70.70063694267516
20,Siempre sube,todos los dias,1634,100.0,60.5875152998776,100.0,0.0,60.5875152998776
20,Siempre sube,dias de sobreventa,157,100.0,70.70063694267516,100.0,0.0,70.70063694267516
20,"Regla RSI completa (<=30 sube, >=70 baja)",todos los dias,1634,14.749082007343942,42.738589211618255,1.7171717171717171,13.354037267080745,60.5875152998776
20,"Regla RSI completa (<=30 sube, >=70 baja)",dias de sobreventa,157,100.0,70.70063694267516,100.0,0.0,70.70063694267516
20,Regla RSI solo sobreventa (<=30 sube),todos los dias,1634,1.5299877600979193,68.0,1.7171717171717171,0.0,60.5875152998776
20,Regla RSI solo sobreventa (<=30 sube),dias de sobreventa,157,100.0,70.70063694267516,100.0,0.0,70.70063694267516
20,Regla RSI solo sobrecompra (>=70 baja),todos los dias,1634,13.219094247246021,39.81481481481482,0.0,13.354037267080745,60.5875152998776
20,Regla RSI solo sobrecompra (>=70 baja),dias de sobreventa,157,0.0,,0.0,0.0,70.70063694267516
20,Logistica (7 features actuales),todos los dias,1634,100.0,58.200734394124844,87.37373737373737,13.354037267080745,60.5875152998776
20,Logistica (7 features actuales),dias de sobreventa,157,100.0,70.70063694267516,100.0,0.0,70.70063694267516
20,Logistica (+3 features nuevas),todos los dias,1634,100.0,58.26193390452876,89.39393939393939,10.403726708074535,60.5875152998776
20,Logistica (+3 features nuevas),dias de sobreventa,157,100.0,70.70063694267516,99.09909909909909,2.1739130434782608,70.70063694267516
